{
  "version": "2.4.0-beta.0",
  "visualisation": {
    "nodes": [
      {
        "id": "n:0",
        "position": {
          "x": -195.60726699310246,
          "y": 47.36570552805941
        }
      },
      {
        "id": "n:1",
        "position": {
          "x": -33.98316585487163,
          "y": 53.62120512041925
        }
      },
      {
        "id": "n:2",
        "position": {
          "x": 92.52704464723192,
          "y": -81.30720307562333
        }
      },
      {
        "id": "n:3",
        "position": {
          "x": 69.91514114998934,
          "y": -231.43326688209712
        }
      },
      {
        "id": "n:4",
        "position": {
          "x": -49.477558093976526,
          "y": -299.68076898173376
        }
      },
      {
        "id": "n:5",
        "position": {
          "x": -169.0946859247022,
          "y": -268.51292581457284
        }
      },
      {
        "id": "n:6",
        "position": {
          "x": -257.28995878089296,
          "y": -195.6158112586668
        }
      },
      {
        "id": "n:7",
        "position": {
          "x": -246.593106772778,
          "y": -62.131261599588484
        }
      },
      {
        "id": "n:8",
        "position": {
          "x": -68.85216330599548,
          "y": -71.39737713577145
        }
      },
      {
        "id": "n:9",
        "position": {
          "x": -57.9012994905065,
          "y": -190.1721308268441
        }
      }
    ]
  },
  "dataModel": {
    "version": "2.4.0-beta.0",
    "graphSchemaRepresentation": {
      "version": "1.0.0",
      "graphSchema": {
        "nodeLabels": [
          {
            "$id": "nl:0",
            "token": "UserMentalHealth",
            "properties": [
              {
                "$id": "p:0_0",
                "token": "userId",
                "type": {
                  "type": "string"
                },
                "nullable": false
              },
              {
                "$id": "p:0_1",
                "token": "age",
                "type": {
                  "type": "integer"
                },
                "nullable": false
              },
              {
                "$id": "p:0_2",
                "token": "gender",
                "type": {
                  "type": "string"
                },
                "nullable": false
              },
              {
                "$id": "p:0_3",
                "token": "dailyScreenTime",
                "type": {
                  "type": "float"
                },
                "nullable": false
              },
              {
                "$id": "p:0_4",
                "token": "sleepQuality",
                "type": {
                  "type": "float"
                },
                "nullable": false
              },
              {
                "$id": "p:0_5",
                "token": "stressLevel",
                "type": {
                  "type": "float"
                },
                "nullable": false
              },
              {
                "$id": "p:0_6",
                "token": "daysWithoutSocialMedia",
                "type": {
                  "type": "float"
                },
                "nullable": false
              },
              {
                "$id": "p:0_7",
                "token": "exerciseFrequency",
                "type": {
                  "type": "float"
                },
                "nullable": false
              },
              {
                "$id": "p:0_8",
                "token": "socialMediaPlatform",
                "type": {
                  "type": "string"
                },
                "nullable": false
              },
              {
                "$id": "p:0_9",
                "token": "happinessIndex",
                "type": {
                  "type": "float"
                },
                "nullable": false
              },
              {
                "$id": "p:1",
                "token": "User_ID",
                "type": {
                  "type": "string"
                },
                "nullable": true
              },
              {
                "$id": "p:2",
                "token": "Age",
                "type": {
                  "type": "integer"
                },
                "nullable": true
              },
              {
                "$id": "p:3",
                "token": "Gender",
                "type": {
                  "type": "string"
                },
                "nullable": true
              },
              {
                "$id": "p:4",
                "token": "Daily_Screen_Time(hrs)",
                "type": {
                  "type": "float"
                },
                "nullable": true
              },
              {
                "$id": "p:5",
                "token": "Sleep_Quality(1-10)",
                "type": {
                  "type": "float"
                },
                "nullable": true
              },
              {
                "$id": "p:6",
                "token": "Stress_Level(1-10)",
                "type": {
                  "type": "float"
                },
                "nullable": true
              },
              {
                "$id": "p:7",
                "token": "Days_Without_Social_Media",
                "type": {
                  "type": "float"
                },
                "nullable": true
              },
              {
                "$id": "p:8",
                "token": "Exercise_Frequency(week)",
                "type": {
                  "type": "float"
                },
                "nullable": true
              },
              {
                "$id": "p:9",
                "token": "Social_Media_Platform",
                "type": {
                  "type": "string"
                },
                "nullable": true
              },
              {
                "$id": "p:10",
                "token": "Happiness_Index(1-10)",
                "type": {
                  "type": "float"
                },
                "nullable": true
              }
            ]
          },
          {
            "$id": "nl:1",
            "token": "Age",
            "properties": [
              {
                "$id": "p:11",
                "token": "Age",
                "type": {
                  "type": "integer"
                },
                "nullable": true
              }
            ]
          },
          {
            "$id": "nl:2",
            "token": "Gender",
            "properties": [
              {
                "$id": "p:12",
                "token": "Gender",
                "type": {
                  "type": "string"
                },
                "nullable": true
              }
            ]
          },
          {
            "$id": "nl:3",
            "token": "Daily",
            "properties": [
              {
                "$id": "p:13",
                "token": "Daily_Screen_Time(hrs)",
                "type": {
                  "type": "float"
                },
                "nullable": true
              }
            ]
          },
          {
            "$id": "nl:4",
            "token": "Sleep",
            "properties": [
              {
                "$id": "p:14",
                "token": "Sleep_Quality(1-10)",
                "type": {
                  "type": "float"
                },
                "nullable": true
              }
            ]
          },
          {
            "$id": "nl:5",
            "token": "Stress",
            "properties": [
              {
                "$id": "p:15",
                "token": "Stress_Level(1-10)",
                "type": {
                  "type": "float"
                },
                "nullable": true
              }
            ]
          },
          {
            "$id": "nl:6",
            "token": "Days",
            "properties": [
              {
                "$id": "p:16",
                "token": "Days_Without_Social_Media",
                "type": {
                  "type": "float"
                },
                "nullable": true
              }
            ]
          },
          {
            "$id": "nl:7",
            "token": "Exercise",
            "properties": [
              {
                "$id": "p:17",
                "token": "Exercise_Frequency(week)",
                "type": {
                  "type": "float"
                },
                "nullable": true
              }
            ]
          },
          {
            "$id": "nl:8",
            "token": "Social Media",
            "properties": [
              {
                "$id": "p:18",
                "token": "Social_Media_Platform",
                "type": {
                  "type": "string"
                },
                "nullable": true
              }
            ]
          },
          {
            "$id": "nl:9",
            "token": "Happiness",
            "properties": [
              {
                "$id": "p:19",
                "token": "Happiness_Index(1-10)",
                "type": {
                  "type": "float"
                },
                "nullable": true
              }
            ]
          }
        ],
        "relationshipTypes": [
          {
            "$id": "rt:1",
            "token": "U001",
            "properties": []
          },
          {
            "$id": "rt:2",
            "token": "44",
            "properties": []
          },
          {
            "$id": "rt:3",
            "token": "Male",
            "properties": []
          },
          {
            "$id": "rt:4",
            "token": "3.1",
            "properties": []
          },
          {
            "$id": "rt:5",
            "token": "7.0",
            "properties": []
          },
          {
            "$id": "rt:6",
            "token": "6.0",
            "properties": []
          },
          {
            "$id": "rt:7",
            "token": "2.0",
            "properties": []
          },
          {
            "$id": "rt:8",
            "token": "2.0",
            "properties": []
          },
          {
            "$id": "rt:9",
            "token": "facebook",
            "properties": []
          }
        ],
        "nodeObjectTypes": [
          {
            "$id": "n:0",
            "labels": [
              {
                "$ref": "#nl:0"
              }
            ]
          },
          {
            "$id": "n:1",
            "labels": [
              {
                "$ref": "#nl:1"
              }
            ]
          },
          {
            "$id": "n:2",
            "labels": [
              {
                "$ref": "#nl:2"
              }
            ]
          },
          {
            "$id": "n:3",
            "labels": [
              {
                "$ref": "#nl:3"
              }
            ]
          },
          {
            "$id": "n:4",
            "labels": [
              {
                "$ref": "#nl:4"
              }
            ]
          },
          {
            "$id": "n:5",
            "labels": [
              {
                "$ref": "#nl:5"
              }
            ]
          },
          {
            "$id": "n:6",
            "labels": [
              {
                "$ref": "#nl:6"
              }
            ]
          },
          {
            "$id": "n:7",
            "labels": [
              {
                "$ref": "#nl:7"
              }
            ]
          },
          {
            "$id": "n:8",
            "labels": [
              {
                "$ref": "#nl:8"
              }
            ]
          },
          {
            "$id": "n:9",
            "labels": [
              {
                "$ref": "#nl:9"
              }
            ]
          }
        ],
        "relationshipObjectTypes": [
          {
            "$id": "r:1",
            "type": {
              "$ref": "#rt:1"
            },
            "from": {
              "$ref": "#n:0"
            },
            "to": {
              "$ref": "#n:1"
            }
          },
          {
            "$id": "r:2",
            "type": {
              "$ref": "#rt:2"
            },
            "from": {
              "$ref": "#n:1"
            },
            "to": {
              "$ref": "#n:2"
            }
          },
          {
            "$id": "r:3",
            "type": {
              "$ref": "#rt:3"
            },
            "from": {
              "$ref": "#n:2"
            },
            "to": {
              "$ref": "#n:3"
            }
          },
          {
            "$id": "r:4",
            "type": {
              "$ref": "#rt:4"
            },
            "from": {
              "$ref": "#n:3"
            },
            "to": {
              "$ref": "#n:4"
            }
          },
          {
            "$id": "r:5",
            "type": {
              "$ref": "#rt:5"
            },
            "from": {
              "$ref": "#n:4"
            },
            "to": {
              "$ref": "#n:5"
            }
          },
          {
            "$id": "r:6",
            "type": {
              "$ref": "#rt:6"
            },
            "from": {
              "$ref": "#n:5"
            },
            "to": {
              "$ref": "#n:6"
            }
          },
          {
            "$id": "r:7",
            "type": {
              "$ref": "#rt:7"
            },
            "from": {
              "$ref": "#n:6"
            },
            "to": {
              "$ref": "#n:7"
            }
          },
          {
            "$id": "r:8",
            "type": {
              "$ref": "#rt:8"
            },
            "from": {
              "$ref": "#n:7"
            },
            "to": {
              "$ref": "#n:8"
            }
          },
          {
            "$id": "r:9",
            "type": {
              "$ref": "#rt:9"
            },
            "from": {
              "$ref": "#n:8"
            },
            "to": {
              "$ref": "#n:9"
            }
          }
        ],
        "constraints": [
          {
            "$id": "c:1",
            "name": "userId_UserMentalHealth_uniq",
            "constraintType": "uniqueness",
            "entityType": "node",
            "nodeLabel": {
              "$ref": "#nl:0"
            },
            "properties": [
              {
                "$ref": "#p:0_0"
              }
            ]
          },
          {
            "$id": "c:3",
            "name": "Gender_Gender_uniq",
            "constraintType": "uniqueness",
            "entityType": "node",
            "nodeLabel": {
              "$ref": "#nl:2"
            },
            "properties": [
              {
                "$ref": "#p:12"
              }
            ]
          },
          {
            "$id": "c:2",
            "name": "Age_Age_uniq",
            "constraintType": "uniqueness",
            "entityType": "node",
            "nodeLabel": {
              "$ref": "#nl:1"
            },
            "properties": [
              {
                "$ref": "#p:11"
              }
            ]
          },
          {
            "$id": "c:4",
            "name": "Daily_Screen_Time(hrs)_Daily_uniq",
            "constraintType": "uniqueness",
            "entityType": "node",
            "nodeLabel": {
              "$ref": "#nl:3"
            },
            "properties": [
              {
                "$ref": "#p:13"
              }
            ]
          },
          {
            "$id": "c:5",
            "name": "Sleep_Quality(1-10)_Sleep_uniq",
            "constraintType": "uniqueness",
            "entityType": "node",
            "nodeLabel": {
              "$ref": "#nl:4"
            },
            "properties": [
              {
                "$ref": "#p:14"
              }
            ]
          },
          {
            "$id": "c:6",
            "name": "Stress_Level(1-10)_Stress_uniq",
            "constraintType": "uniqueness",
            "entityType": "node",
            "nodeLabel": {
              "$ref": "#nl:5"
            },
            "properties": [
              {
                "$ref": "#p:15"
              }
            ]
          },
          {
            "$id": "c:7",
            "name": "Days_Without_Social_Media_Days_uniq",
            "constraintType": "uniqueness",
            "entityType": "node",
            "nodeLabel": {
              "$ref": "#nl:6"
            },
            "properties": [
              {
                "$ref": "#p:16"
              }
            ]
          },
          {
            "$id": "c:8",
            "name": "Exercise_Frequency(week)_Exercise_uniq",
            "constraintType": "uniqueness",
            "entityType": "node",
            "nodeLabel": {
              "$ref": "#nl:7"
            },
            "properties": [
              {
                "$ref": "#p:17"
              }
            ]
          },
          {
            "$id": "c:9",
            "name": "Social_Media_Platform_Social_Media_uniq",
            "constraintType": "uniqueness",
            "entityType": "node",
            "nodeLabel": {
              "$ref": "#nl:8"
            },
            "properties": [
              {
                "$ref": "#p:18"
              }
            ]
          },
          {
            "$id": "c:10",
            "name": "Happiness_Index(1-10)_Happiness_uniq",
            "constraintType": "uniqueness",
            "entityType": "node",
            "nodeLabel": {
              "$ref": "#nl:9"
            },
            "properties": [
              {
                "$ref": "#p:19"
              }
            ]
          }
        ],
        "indexes": []
      }
    },
    "graphSchemaExtensionsRepresentation": {
      "nodeKeyProperties": [
        {
          "node": {
            "$ref": "#n:0"
          },
          "keyProperty": {
            "$ref": "#p:0_0"
          }
        },
        {
          "node": {
            "$ref": "#n:1"
          },
          "keyProperty": {
            "$ref": "#p:11"
          }
        },
        {
          "node": {
            "$ref": "#n:2"
          },
          "keyProperty": {
            "$ref": "#p:12"
          }
        },
        {
          "node": {
            "$ref": "#n:3"
          },
          "keyProperty": {
            "$ref": "#p:13"
          }
        },
        {
          "node": {
            "$ref": "#n:4"
          },
          "keyProperty": {
            "$ref": "#p:14"
          }
        },
        {
          "node": {
            "$ref": "#n:5"
          },
          "keyProperty": {
            "$ref": "#p:15"
          }
        },
        {
          "node": {
            "$ref": "#n:6"
          },
          "keyProperty": {
            "$ref": "#p:16"
          }
        },
        {
          "node": {
            "$ref": "#n:7"
          },
          "keyProperty": {
            "$ref": "#p:17"
          }
        },
        {
          "node": {
            "$ref": "#n:8"
          },
          "keyProperty": {
            "$ref": "#p:18"
          }
        },
        {
          "node": {
            "$ref": "#n:9"
          },
          "keyProperty": {
            "$ref": "#p:19"
          }
        }
      ]
    },
    "graphMappingRepresentation": {
      "dataSourceSchema": {
        "type": "local",
        "tableSchemas": [
          {
            "name": "Mental_Health_and_Social_Media_Balance_Dataset.csv",
            "expanded": true,
            "fields": [
              {
                "name": "User_ID",
                "sample": "U001",
                "recommendedType": {
                  "type": "string"
                }
              },
              {
                "name": "Age",
                "sample": "44",
                "recommendedType": {
                  "type": "integer"
                }
              },
              {
                "name": "Gender",
                "sample": "Male",
                "recommendedType": {
                  "type": "string"
                }
              },
              {
                "name": "Daily_Screen_Time(hrs)",
                "sample": "3.1",
                "recommendedType": {
                  "type": "float"
                }
              },
              {
                "name": "Sleep_Quality(1-10)",
                "sample": "7.0",
                "recommendedType": {
                  "type": "float"
                }
              },
              {
                "name": "Stress_Level(1-10)",
                "sample": "6.0",
                "recommendedType": {
                  "type": "float"
                }
              },
              {
                "name": "Days_Without_Social_Media",
                "sample": "2.0",
                "recommendedType": {
                  "type": "float"
                }
              },
              {
                "name": "Exercise_Frequency(week)",
                "sample": "5.0",
                "recommendedType": {
                  "type": "float"
                }
              },
              {
                "name": "Social_Media_Platform",
                "sample": "Facebook",
                "recommendedType": {
                  "type": "string"
                }
              },
              {
                "name": "Happiness_Index(1-10)",
                "sample": "10.0",
                "recommendedType": {
                  "type": "float"
                }
              }
            ]
          }
        ]
      },
      "nodeMappings": [
        {
          "node": {
            "$ref": "#n:0"
          },
          "tableName": "Mental_Health_and_Social_Media_Balance_Dataset.csv",
          "propertyMappings": [
            {
              "property": {
                "$ref": "#p:0_0"
              },
              "fieldName": "User_ID"
            },
            {
              "property": {
                "$ref": "#p:0_1"
              },
              "fieldName": "Age"
            },
            {
              "property": {
                "$ref": "#p:0_2"
              },
              "fieldName": "Gender"
            },
            {
              "property": {
                "$ref": "#p:0_3"
              },
              "fieldName": "Daily_Screen_Time(hrs)"
            },
            {
              "property": {
                "$ref": "#p:0_4"
              },
              "fieldName": "Sleep_Quality(1-10)"
            },
            {
              "property": {
                "$ref": "#p:0_5"
              },
              "fieldName": "Stress_Level(1-10)"
            },
            {
              "property": {
                "$ref": "#p:0_6"
              },
              "fieldName": "Days_Without_Social_Media"
            },
            {
              "property": {
                "$ref": "#p:0_7"
              },
              "fieldName": "Exercise_Frequency(week)"
            },
            {
              "property": {
                "$ref": "#p:0_8"
              },
              "fieldName": "Social_Media_Platform"
            },
            {
              "property": {
                "$ref": "#p:0_9"
              },
              "fieldName": "Happiness_Index(1-10)"
            },
            {
              "fieldName": "User_ID",
              "property": {
                "$ref": "#p:1"
              }
            },
            {
              "fieldName": "Age",
              "property": {
                "$ref": "#p:2"
              }
            },
            {
              "fieldName": "Gender",
              "property": {
                "$ref": "#p:3"
              }
            },
            {
              "fieldName": "Daily_Screen_Time(hrs)",
              "property": {
                "$ref": "#p:4"
              }
            },
            {
              "fieldName": "Sleep_Quality(1-10)",
              "property": {
                "$ref": "#p:5"
              }
            },
            {
              "fieldName": "Stress_Level(1-10)",
              "property": {
                "$ref": "#p:6"
              }
            },
            {
              "fieldName": "Days_Without_Social_Media",
              "property": {
                "$ref": "#p:7"
              }
            },
            {
              "fieldName": "Exercise_Frequency(week)",
              "property": {
                "$ref": "#p:8"
              }
            },
            {
              "fieldName": "Social_Media_Platform",
              "property": {
                "$ref": "#p:9"
              }
            },
            {
              "fieldName": "Happiness_Index(1-10)",
              "property": {
                "$ref": "#p:10"
              }
            }
          ],
          "mappingFilter": {
            "fieldName": "Age",
            "exactMatch": "U001"
          }
        },
        {
          "node": {
            "$ref": "#n:1"
          },
          "tableName": "Mental_Health_and_Social_Media_Balance_Dataset.csv",
          "propertyMappings": [
            {
              "fieldName": "Age",
              "property": {
                "$ref": "#p:11"
              }
            }
          ],
          "mappingFilter": {
            "fieldName": "Age",
            "exactMatch": "44"
          }
        },
        {
          "node": {
            "$ref": "#n:2"
          },
          "tableName": "Mental_Health_and_Social_Media_Balance_Dataset.csv",
          "propertyMappings": [
            {
              "fieldName": "Gender",
              "property": {
                "$ref": "#p:12"
              }
            }
          ],
          "mappingFilter": {
            "fieldName": "Gender",
            "exactMatch": "Male"
          }
        },
        {
          "node": {
            "$ref": "#n:3"
          },
          "tableName": "Mental_Health_and_Social_Media_Balance_Dataset.csv",
          "propertyMappings": [
            {
              "fieldName": "Daily_Screen_Time(hrs)",
              "property": {
                "$ref": "#p:13"
              }
            }
          ],
          "mappingFilter": {
            "fieldName": "Daily_Screen_Time(hrs)",
            "exactMatch": "3.1"
          }
        },
        {
          "node": {
            "$ref": "#n:4"
          },
          "tableName": "Mental_Health_and_Social_Media_Balance_Dataset.csv",
          "propertyMappings": [
            {
              "fieldName": "Sleep_Quality(1-10)",
              "property": {
                "$ref": "#p:14"
              }
            }
          ],
          "mappingFilter": {
            "fieldName": "Sleep_Quality(1-10)",
            "exactMatch": "7.0"
          }
        },
        {
          "node": {
            "$ref": "#n:5"
          },
          "tableName": "Mental_Health_and_Social_Media_Balance_Dataset.csv",
          "propertyMappings": [
            {
              "fieldName": "Stress_Level(1-10)",
              "property": {
                "$ref": "#p:15"
              }
            }
          ],
          "mappingFilter": {
            "fieldName": "Stress_Level(1-10)",
            "exactMatch": "6.0"
          }
        },
        {
          "node": {
            "$ref": "#n:6"
          },
          "tableName": "Mental_Health_and_Social_Media_Balance_Dataset.csv",
          "propertyMappings": [
            {
              "fieldName": "Days_Without_Social_Media",
              "property": {
                "$ref": "#p:16"
              }
            }
          ],
          "mappingFilter": {
            "fieldName": "Days_Without_Social_Media",
            "exactMatch": "2.0"
          }
        },
        {
          "node": {
            "$ref": "#n:7"
          },
          "tableName": "Mental_Health_and_Social_Media_Balance_Dataset.csv",
          "propertyMappings": [
            {
              "fieldName": "Exercise_Frequency(week)",
              "property": {
                "$ref": "#p:17"
              }
            }
          ],
          "mappingFilter": {
            "fieldName": "Exercise_Frequency(week)",
            "exactMatch": "5.0"
          }
        },
        {
          "node": {
            "$ref": "#n:8"
          },
          "tableName": "Mental_Health_and_Social_Media_Balance_Dataset.csv",
          "propertyMappings": [
            {
              "fieldName": "Social_Media_Platform",
              "property": {
                "$ref": "#p:18"
              }
            }
          ],
          "mappingFilter": {
            "fieldName": "Social_Media_Platform",
            "exactMatch": "Facebook"
          }
        },
        {
          "node": {
            "$ref": "#n:9"
          },
          "tableName": "Mental_Health_and_Social_Media_Balance_Dataset.csv",
          "propertyMappings": [
            {
              "fieldName": "Happiness_Index(1-10)",
              "property": {
                "$ref": "#p:19"
              }
            }
          ],
          "mappingFilter": {
            "fieldName": "Happiness_Index(1-10)",
            "exactMatch": "10.0"
          }
        }
      ],
      "relationshipMappings": [
        {
          "relationship": {
            "$ref": "#r:1"
          },
          "tableName": "Mental_Health_and_Social_Media_Balance_Dataset.csv",
          "propertyMappings": [],
          "fromMapping": {
            "fieldName": "User_ID"
          },
          "toMapping": {
            "fieldName": "Age"
          },
          "mappingFilter": {
            "fieldName": "User_ID",
            "exactMatch": "U001"
          }
        },
        {
          "relationship": {
            "$ref": "#r:2"
          },
          "tableName": "Mental_Health_and_Social_Media_Balance_Dataset.csv",
          "propertyMappings": [],
          "fromMapping": {
            "fieldName": "Age"
          },
          "toMapping": {
            "fieldName": "Gender"
          },
          "mappingFilter": {
            "fieldName": "Age",
            "exactMatch": "44"
          }
        },
        {
          "relationship": {
            "$ref": "#r:3"
          },
          "tableName": "Mental_Health_and_Social_Media_Balance_Dataset.csv",
          "propertyMappings": [],
          "fromMapping": {
            "fieldName": "Gender"
          },
          "toMapping": {
            "fieldName": "Daily_Screen_Time(hrs)"
          },
          "mappingFilter": {
            "fieldName": "Gender",
            "exactMatch": "Male"
          }
        },
        {
          "relationship": {
            "$ref": "#r:4"
          },
          "tableName": "Mental_Health_and_Social_Media_Balance_Dataset.csv",
          "propertyMappings": [],
          "fromMapping": {
            "fieldName": "Daily_Screen_Time(hrs)"
          },
          "toMapping": {
            "fieldName": "Sleep_Quality(1-10)"
          },
          "mappingFilter": {
            "fieldName": "Daily_Screen_Time(hrs)",
            "exactMatch": "3.1"
          }
        },
        {
          "relationship": {
            "$ref": "#r:5"
          },
          "tableName": "Mental_Health_and_Social_Media_Balance_Dataset.csv",
          "propertyMappings": [],
          "fromMapping": {
            "fieldName": "Sleep_Quality(1-10)"
          },
          "toMapping": {
            "fieldName": "Stress_Level(1-10)"
          },
          "mappingFilter": {
            "fieldName": "Daily_Screen_Time(hrs)",
            "exactMatch": "7.0"
          }
        },
        {
          "relationship": {
            "$ref": "#r:8"
          },
          "tableName": "Mental_Health_and_Social_Media_Balance_Dataset.csv",
          "propertyMappings": [],
          "mappingFilter": {
            "fieldName": "Exercise_Frequency(week)",
            "exactMatch": "2.0"
          },
          "fromMapping": {
            "fieldName": "Exercise_Frequency(week)"
          },
          "toMapping": {
            "fieldName": "Social_Media_Platform"
          }
        },
        {
          "relationship": {
            "$ref": "#r:6"
          },
          "tableName": "Mental_Health_and_Social_Media_Balance_Dataset.csv",
          "propertyMappings": [],
          "fromMapping": {
            "fieldName": "Stress_Level(1-10)"
          },
          "toMapping": {
            "fieldName": "Days_Without_Social_Media"
          },
          "mappingFilter": {
            "fieldName": "Stress_Level(1-10)",
            "exactMatch": "6.0"
          }
        },
        {
          "relationship": {
            "$ref": "#r:7"
          },
          "tableName": "Mental_Health_and_Social_Media_Balance_Dataset.csv",
          "propertyMappings": [],
          "mappingFilter": {
            "fieldName": "Days_Without_Social_Media",
            "exactMatch": "2.0"
          },
          "toMapping": {
            "fieldName": "Exercise_Frequency(week)"
          },
          "fromMapping": {
            "fieldName": "Days_Without_Social_Media"
          }
        },
        {
          "relationship": {
            "$ref": "#r:9"
          },
          "tableName": "Mental_Health_and_Social_Media_Balance_Dataset.csv",
          "propertyMappings": [],
          "fromMapping": {
            "fieldName": "Social_Media_Platform"
          },
          "mappingFilter": {
            "fieldName": "Social_Media_Platform",
            "exactMatch": "Facebook"
          },
          "toMapping": {
            "fieldName": "Happiness_Index(1-10)"
          }
        }
      ]
    },
    "configurations": {
      "idsToIgnore": []
    }
  }
}